neighbourhood,Afghanistan,Africa,Algeria,Americas,Asia,Bangladesh,Bosnia and Herzegovina,Brazil,China,Colombia,Croatia,Egypt,El Salvador,Ethiopia,Europe,France,Germany,Greece,Guyana,Haiti,Hong Kong,Hungary,India,Iran,Iraq,Ireland,Italy,Jamaica,Japan,Kenya,Korea; South,Lebanon,Mexico,Morocco,Netherlands,Nigeria,Oceania and other places of birth,Other places of birth in Africa,Other places of birth in Americas,Other places of birth in Asia,Other places of birth in Europe,Pakistan,Peru,Philippines,Poland,Portugal,Romania,Russian Federation,Serbia,Somalia,South Africa; Republic of,Sri Lanka,Syria,Taiwan,Total - Selected places of birth for the immigrant population in private households - 25% sample data,Trinidad and Tobago,Ukraine,United Kingdom,United States,Viet Nam
Agincourt North,40.0,445.0,0.0,1635.0,17220.0,35.0,0.0,10.0,8630.0,15.0,10.0,115.0,10.0,0.0,675.0,0.0,35.0,100.0,390.0,0.0,2450.0,10.0,945.0,35.0,70.0,10.0,65.0,500.0,45.0,65.0,65.0,20.0,15.0,10.0,0.0,15.0,20.0,210.0,325.0,600.0,135.0,295.0,40.0,1180.0,10.0,55.0,10.0,0.0,0.0,10.0,30.0,2210.0,10.0,115.0,19990.0,220.0,0.0,210.0,130.0,495.0
Agincourt South-Malvern West,150.0,350.0,10.0,1415.0,12240.0,145.0,0.0,15.0,5920.0,10.0,0.0,50.0,30.0,20.0,1075.0,0.0,65.0,200.0,295.0,20.0,1255.0,20.0,980.0,90.0,75.0,0.0,300.0,395.0,25.0,55.0,65.0,50.0,10.0,0.0,0.0,10.0,0.0,155.0,285.0,460.0,135.0,435.0,15.0,1030.0,35.0,10.0,30.0,30.0,25.0,45.0,10.0,1070.0,40.0,140.0,15095.0,240.0,20.0,200.0,115.0,330.0
Alderwood,0.0,100.0,0.0,450.0,1035.0,0.0,65.0,30.0,110.0,15.0,105.0,10.0,20.0,10.0,2380.0,15.0,95.0,20.0,80.0,0.0,10.0,30.0,230.0,0.0,0.0,20.0,370.0,45.0,10.0,10.0,40.0,35.0,25.0,0.0,20.0,0.0,10.0,55.0,110.0,85.0,335.0,15.0,0.0,420.0,485.0,250.0,60.0,35.0,35.0,10.0,0.0,25.0,0.0,0.0,3965.0,50.0,245.0,200.0,75.0,35.0
Annex,25.0,620.0,0.0,1630.0,3045.0,55.0,45.0,60.0,620.0,40.0,40.0,75.0,10.0,70.0,2895.0,145.0,235.0,150.0,45.0,0.0,230.0,100.0,210.0,350.0,35.0,80.0,310.0,175.0,90.0,20.0,365.0,20.0,60.0,40.0,50.0,20.0,85.0,230.0,295.0,515.0,355.0,135.0,60.0,175.0,145.0,165.0,105.0,145.0,65.0,10.0,180.0,30.0,20.0,120.0,8275.0,80.0,90.0,655.0,780.0,70.0
Banbury-Don Mills,35.0,1070.0,10.0,1335.0,7255.0,75.0,120.0,40.0,1910.0,100.0,50.0,225.0,10.0,35.0,3495.0,25.0,200.0,170.0,155.0,0.0,870.0,115.0,690.0,730.0,55.0,40.0,95.0,220.0,25.0,150.0,385.0,120.0,50.0,35.0,65.0,30.0,45.0,485.0,230.0,610.0,790.0,365.0,0.0,850.0,200.0,65.0,415.0,135.0,260.0,10.0,80.0,165.0,60.0,135.0,13205.0,225.0,50.0,685.0,300.0,100.0
Bathurst Manor,15.0,260.0,10.0,920.0,3680.0,45.0,60.0,30.0,305.0,120.0,20.0,50.0,35.0,20.0,3160.0,30.0,55.0,190.0,55.0,0.0,25.0,110.0,205.0,190.0,55.0,0.0,485.0,140.0,10.0,10.0,170.0,40.0,50.0,50.0,0.0,10.0,10.0,75.0,335.0,825.0,390.0,45.0,20.0,1565.0,210.0,130.0,135.0,640.0,65.0,10.0,45.0,50.0,40.0,0.0,8015.0,35.0,535.0,100.0,115.0,85.0
Bay Street Corridor,20.0,620.0,0.0,1050.0,7180.0,100.0,20.0,75.0,2180.0,60.0,20.0,210.0,10.0,50.0,1575.0,60.0,85.0,50.0,85.0,10.0,485.0,45.0,540.0,530.0,40.0,40.0,80.0,85.0,90.0,20.0,830.0,65.0,85.0,0.0,25.0,75.0,30.0,155.0,205.0,860.0,220.0,365.0,35.0,345.0,115.0,55.0,85.0,170.0,40.0,35.0,75.0,55.0,30.0,515.0,10465.0,95.0,70.0,420.0,325.0,125.0
Bayview Village,85.0,375.0,10.0,925.0,9635.0,20.0,25.0,80.0,2360.0,100.0,25.0,105.0,20.0,10.0,1650.0,35.0,65.0,60.0,60.0,0.0,1270.0,105.0,450.0,2290.0,65.0,35.0,65.0,140.0,55.0,10.0,1070.0,55.0,40.0,10.0,20.0,10.0,35.0,140.0,245.0,675.0,250.0,105.0,45.0,630.0,90.0,10.0,360.0,105.0,40.0,10.0,65.0,175.0,20.0,235.0,12625.0,80.0,85.0,250.0,130.0,100.0
Bayview Woods-Steeles,20.0,265.0,0.0,550.0,5570.0,0.0,10.0,0.0,1945.0,50.0,15.0,65.0,10.0,0.0,1145.0,25.0,75.0,45.0,90.0,0.0,920.0,80.0,195.0,1000.0,0.0,0.0,70.0,100.0,35.0,50.0,470.0,30.0,15.0,0.0,10.0,0.0,10.0,100.0,80.0,385.0,140.0,70.0,35.0,140.0,45.0,30.0,140.0,100.0,20.0,0.0,40.0,85.0,25.0,150.0,7535.0,65.0,50.0,245.0,105.0,70.0
Bedford Park-Nortown,0.0,445.0,10.0,1120.0,3135.0,0.0,0.0,20.0,365.0,60.0,20.0,55.0,35.0,20.0,2085.0,40.0,160.0,80.0,45.0,0.0,160.0,95.0,125.0,325.0,10.0,50.0,225.0,90.0,10.0,30.0,115.0,20.0,55.0,55.0,10.0,0.0,30.0,85.0,220.0,455.0,335.0,40.0,30.0,1410.0,170.0,30.0,65.0,175.0,35.0,10.0,190.0,20.0,0.0,40.0,6810.0,30.0,115.0,455.0,570.0,55.0
Beechborough-Greenbrook,0.0,340.0,0.0,1290.0,695.0,0.0,10.0,80.0,20.0,10.0,0.0,10.0,30.0,20.0,1095.0,0.0,0.0,0.0,120.0,0.0,0.0,10.0,80.0,0.0,10.0,20.0,300.0,450.0,0.0,30.0,10.0,25.0,0.0,0.0,10.0,70.0,0.0,135.0,425.0,55.0,50.0,10.0,10.0,330.0,30.0,615.0,15.0,10.0,0.0,75.0,0.0,40.0,0.0,0.0,3430.0,85.0,15.0,0.0,60.0,120.0
Bendale,435.0,665.0,10.0,2215.0,11060.0,545.0,20.0,30.0,1680.0,0.0,15.0,85.0,80.0,105.0,1885.0,40.0,80.0,485.0,760.0,10.0,635.0,15.0,1760.0,110.0,50.0,25.0,175.0,420.0,35.0,90.0,160.0,30.0,30.0,10.0,25.0,10.0,25.0,295.0,480.0,580.0,260.0,820.0,10.0,2175.0,130.0,75.0,90.0,60.0,50.0,15.0,40.0,1795.0,20.0,85.0,15865.0,265.0,20.0,320.0,145.0,145.0
Birchcliffe-Cliffside,40.0,275.0,0.0,970.0,2590.0,610.0,35.0,10.0,380.0,45.0,20.0,25.0,45.0,50.0,2215.0,25.0,150.0,125.0,115.0,20.0,105.0,40.0,165.0,60.0,20.0,145.0,165.0,195.0,35.0,20.0,35.0,15.0,30.0,0.0,40.0,30.0,20.0,105.0,190.0,165.0,240.0,75.0,0.0,645.0,50.0,85.0,90.0,80.0,10.0,0.0,30.0,85.0,0.0,10.0,6075.0,110.0,60.0,845.0,255.0,180.0
Black Creek,55.0,1655.0,0.0,4035.0,5425.0,10.0,0.0,10.0,90.0,80.0,10.0,40.0,195.0,20.0,1580.0,10.0,10.0,35.0,1235.0,25.0,20.0,110.0,190.0,40.0,1255.0,0.0,845.0,1020.0,10.0,55.0,35.0,25.0,70.0,10.0,10.0,415.0,0.0,830.0,1120.0,670.0,85.0,95.0,45.0,740.0,85.0,130.0,40.0,65.0,10.0,305.0,0.0,440.0,100.0,10.0,12705.0,165.0,40.0,85.0,70.0,1630.0
Blake-Jones,50.0,275.0,10.0,440.0,1105.0,20.0,0.0,0.0,485.0,0.0,10.0,0.0,0.0,50.0,580.0,50.0,15.0,180.0,20.0,0.0,60.0,0.0,125.0,30.0,0.0,10.0,35.0,105.0,10.0,10.0,15.0,0.0,10.0,0.0,10.0,20.0,25.0,115.0,110.0,110.0,40.0,40.0,0.0,50.0,30.0,40.0,0.0,20.0,10.0,45.0,20.0,35.0,10.0,30.0,2425.0,25.0,0.0,125.0,165.0,40.0
Briar Hill-Belgravia,0.0,250.0,0.0,1620.0,3350.0,10.0,185.0,135.0,105.0,170.0,15.0,30.0,35.0,30.0,3325.0,50.0,15.0,110.0,125.0,0.0,25.0,85.0,100.0,50.0,0.0,10.0,625.0,285.0,25.0,0.0,90.0,10.0,95.0,10.0,0.0,10.0,0.0,135.0,560.0,295.0,680.0,15.0,35.0,2460.0,80.0,835.0,120.0,165.0,85.0,0.0,40.0,65.0,10.0,10.0,8560.0,115.0,150.0,125.0,80.0,105.0
Bridle Path-Sunnybrook-York Mills,0.0,165.0,0.0,345.0,1715.0,0.0,10.0,20.0,515.0,15.0,30.0,35.0,0.0,0.0,895.0,40.0,85.0,40.0,30.0,10.0,270.0,25.0,70.0,350.0,0.0,0.0,70.0,30.0,15.0,30.0,155.0,25.0,10.0,20.0,0.0,10.0,20.0,35.0,10.0,165.0,85.0,40.0,0.0,20.0,10.0,10.0,45.0,90.0,30.0,0.0,55.0,20.0,0.0,35.0,3145.0,10.0,55.0,270.0,210.0,25.0
Broadview North,35.0,195.0,0.0,715.0,1430.0,45.0,205.0,15.0,205.0,50.0,65.0,25.0,10.0,30.0,2435.0,10.0,55.0,775.0,55.0,0.0,45.0,10.0,115.0,90.0,10.0,50.0,30.0,105.0,30.0,10.0,45.0,10.0,55.0,20.0,0.0,0.0,25.0,75.0,155.0,160.0,695.0,85.0,20.0,440.0,40.0,20.0,55.0,55.0,120.0,15.0,20.0,55.0,25.0,0.0,4795.0,90.0,30.0,205.0,155.0,35.0
Brookhaven-Amesbury,85.0,1065.0,10.0,3560.0,3000.0,85.0,0.0,205.0,125.0,185.0,0.0,15.0,195.0,130.0,2100.0,25.0,45.0,55.0,295.0,10.0,35.0,40.0,220.0,10.0,10.0,20.0,715.0,930.0,20.0,30.0,20.0,20.0,95.0,0.0,0.0,140.0,0.0,560.0,1365.0,165.0,55.0,80.0,50.0,1025.0,140.0,805.0,10.0,35.0,50.0,185.0,0.0,230.0,10.0,10.0,9725.0,155.0,10.0,95.0,55.0,860.0
Cabbagetown-South St. James Town,10.0,185.0,0.0,795.0,1480.0,30.0,10.0,45.0,360.0,15.0,15.0,35.0,30.0,0.0,1290.0,55.0,85.0,15.0,50.0,10.0,45.0,40.0,125.0,40.0,0.0,15.0,20.0,80.0,10.0,15.0,60.0,0.0,65.0,10.0,35.0,15.0,15.0,80.0,130.0,180.0,220.0,40.0,35.0,395.0,50.0,40.0,40.0,80.0,35.0,0.0,40.0,40.0,15.0,20.0,3775.0,70.0,50.0,505.0,280.0,100.0
Caledonia-Fairbank,0.0,100.0,0.0,1250.0,1155.0,20.0,0.0,85.0,60.0,25.0,10.0,0.0,85.0,20.0,2775.0,45.0,0.0,50.0,80.0,0.0,25.0,35.0,75.0,15.0,0.0,15.0,520.0,180.0,0.0,10.0,0.0,0.0,95.0,10.0,0.0,0.0,0.0,60.0,550.0,100.0,125.0,0.0,15.0,715.0,0.0,1895.0,10.0,20.0,10.0,0.0,10.0,25.0,0.0,0.0,5285.0,65.0,0.0,45.0,45.0,110.0
Casa Loma,0.0,230.0,10.0,740.0,715.0,15.0,45.0,40.0,130.0,50.0,10.0,25.0,0.0,20.0,1175.0,30.0,55.0,10.0,20.0,0.0,45.0,105.0,80.0,80.0,10.0,40.0,30.0,55.0,30.0,0.0,40.0,15.0,65.0,10.0,20.0,10.0,25.0,50.0,145.0,150.0,100.0,10.0,10.0,50.0,50.0,40.0,95.0,65.0,30.0,10.0,95.0,10.0,25.0,25.0,2885.0,25.0,50.0,360.0,325.0,10.0
Centennial Scarborough,20.0,200.0,0.0,850.0,2555.0,240.0,10.0,10.0,225.0,10.0,15.0,20.0,10.0,50.0,1375.0,10.0,70.0,55.0,270.0,0.0,110.0,25.0,450.0,45.0,25.0,25.0,135.0,180.0,15.0,45.0,20.0,45.0,15.0,0.0,15.0,20.0,10.0,55.0,130.0,125.0,175.0,100.0,0.0,535.0,135.0,50.0,100.0,70.0,45.0,10.0,10.0,510.0,20.0,30.0,4990.0,175.0,20.0,405.0,60.0,35.0
Church-Yonge Corridor,40.0,795.0,20.0,1740.0,5640.0,85.0,70.0,115.0,1080.0,90.0,50.0,80.0,20.0,115.0,2685.0,140.0,155.0,35.0,135.0,10.0,465.0,50.0,750.0,455.0,40.0,100.0,105.0,170.0,115.0,75.0,370.0,110.0,135.0,25.0,60.0,50.0,75.0,325.0,430.0,760.0,415.0,200.0,65.0,585.0,190.0,55.0,110.0,335.0,85.0,65.0,75.0,140.0,20.0,230.0,10935.0,190.0,180.0,565.0,380.0,190.0
City of Toronto,12740.0,77445.0,770.0,212010.0,674490.0,25100.0,5125.0,7025.0,131480.0,8715.0,4675.0,6625.0,6955.0,9080.0,298270.0,4585.0,11090.0,19240.0,34490.0,1850.0,38825.0,7855.0,79225.0,36440.0,11135.0,4625.0,45515.0,45075.0,3985.0,4880.0,26830.0,6010.0,7225.0,1850.0,2690.0,7605.0,3780.0,32055.0,52630.0,52450.0,39230.0,34750.0,3870.0,118775.0,21365.0,38575.0,12875.0,16225.0,8525.0,9025.0,5560.0,52900.0,5575.0,7695.0,1266005.0,19640.0,15780.0,40295.0,24535.0,30580.0
Clairlea-Birchmount,145.0,900.0,10.0,1615.0,8495.0,1990.0,25.0,20.0,1105.0,60.0,0.0,35.0,50.0,305.0,2100.0,0.0,50.0,430.0,295.0,10.0,165.0,65.0,515.0,100.0,10.0,65.0,295.0,355.0,35.0,15.0,55.0,10.0,15.0,25.0,0.0,30.0,15.0,385.0,350.0,490.0,410.0,875.0,20.0,2410.0,110.0,95.0,105.0,45.0,10.0,50.0,35.0,390.0,10.0,20.0,13115.0,300.0,10.0,340.0,140.0,155.0
Clanton Park,20.0,390.0,0.0,770.0,3995.0,15.0,20.0,10.0,205.0,60.0,25.0,40.0,20.0,10.0,2295.0,35.0,80.0,220.0,80.0,0.0,55.0,150.0,160.0,135.0,25.0,10.0,510.0,90.0,15.0,10.0,100.0,15.0,10.0,80.0,20.0,30.0,30.0,90.0,210.0,505.0,300.0,25.0,10.0,2575.0,155.0,75.0,115.0,250.0,45.0,20.0,120.0,25.0,0.0,30.0,7480.0,65.0,185.0,105.0,220.0,100.0
Cliffcrest,75.0,165.0,0.0,880.0,3330.0,1000.0,0.0,20.0,345.0,15.0,10.0,20.0,15.0,20.0,1425.0,20.0,100.0,160.0,215.0,10.0,105.0,10.0,280.0,45.0,35.0,30.0,145.0,150.0,25.0,10.0,35.0,10.0,20.0,0.0,45.0,20.0,45.0,70.0,150.0,205.0,205.0,95.0,10.0,555.0,140.0,40.0,30.0,40.0,0.0,20.0,20.0,415.0,10.0,20.0,5835.0,180.0,35.0,370.0,115.0,80.0
Corso Italia-Davenport,0.0,140.0,10.0,1395.0,910.0,10.0,10.0,180.0,180.0,80.0,0.0,0.0,85.0,20.0,3630.0,30.0,50.0,40.0,45.0,0.0,55.0,0.0,70.0,95.0,0.0,0.0,1195.0,105.0,0.0,10.0,65.0,20.0,95.0,20.0,0.0,10.0,25.0,75.0,545.0,40.0,125.0,20.0,70.0,250.0,35.0,1975.0,0.0,25.0,20.0,0.0,20.0,10.0,0.0,0.0,6095.0,45.0,10.0,95.0,135.0,90.0
Danforth,10.0,120.0,0.0,370.0,970.0,10.0,20.0,10.0,315.0,20.0,20.0,0.0,0.0,50.0,1345.0,30.0,25.0,350.0,25.0,0.0,70.0,0.0,250.0,40.0,0.0,30.0,390.0,30.0,15.0,0.0,15.0,0.0,20.0,0.0,10.0,10.0,45.0,30.0,75.0,95.0,130.0,60.0,20.0,50.0,30.0,25.0,15.0,35.0,20.0,0.0,0.0,15.0,0.0,10.0,2855.0,55.0,10.0,225.0,115.0,55.0
Danforth East York,15.0,115.0,0.0,715.0,2100.0,35.0,50.0,40.0,555.0,45.0,25.0,10.0,20.0,25.0,2620.0,55.0,40.0,1035.0,90.0,10.0,205.0,40.0,200.0,40.0,20.0,60.0,315.0,85.0,80.0,20.0,60.0,45.0,50.0,0.0,25.0,10.0,35.0,40.0,160.0,250.0,330.0,160.0,0.0,315.0,55.0,80.0,50.0,35.0,75.0,0.0,10.0,25.0,0.0,30.0,5570.0,60.0,25.0,355.0,150.0,85.0
Don Valley Village,360.0,980.0,0.0,1495.0,12845.0,165.0,40.0,65.0,3570.0,205.0,40.0,250.0,25.0,25.0,2535.0,40.0,80.0,200.0,150.0,15.0,990.0,85.0,985.0,1930.0,200.0,25.0,35.0,320.0,60.0,95.0,510.0,190.0,50.0,40.0,30.0,60.0,10.0,385.0,300.0,860.0,495.0,310.0,50.0,1765.0,115.0,45.0,545.0,265.0,105.0,20.0,100.0,250.0,310.0,245.0,17855.0,95.0,120.0,275.0,220.0,140.0
Dorset Park,395.0,580.0,25.0,2120.0,10705.0,445.0,30.0,20.0,1275.0,20.0,20.0,125.0,65.0,95.0,1255.0,0.0,55.0,355.0,650.0,20.0,390.0,20.0,1325.0,90.0,60.0,0.0,110.0,525.0,0.0,0.0,20.0,300.0,10.0,15.0,10.0,30.0,20.0,230.0,375.0,475.0,285.0,705.0,10.0,2690.0,45.0,15.0,75.0,30.0,20.0,25.0,35.0,2190.0,130.0,70.0,14690.0,340.0,10.0,180.0,80.0,155.0
Dovercourt-Wallace Emerson-Junction,25.0,655.0,25.0,2550.0,4605.0,200.0,20.0,330.0,1215.0,115.0,20.0,10.0,85.0,165.0,6490.0,105.0,60.0,250.0,195.0,0.0,140.0,100.0,380.0,130.0,10.0,55.0,710.0,250.0,70.0,30.0,220.0,20.0,170.0,15.0,40.0,40.0,65.0,300.0,705.0,485.0,225.0,240.0,70.0,425.0,170.0,4060.0,40.0,75.0,30.0,50.0,85.0,210.0,15.0,30.0,14380.0,255.0,90.0,445.0,360.0,780.0
Downsview-Roding-CFB,140.0,955.0,20.0,5640.0,7485.0,85.0,30.0,65.0,170.0,320.0,50.0,20.0,465.0,85.0,5420.0,60.0,70.0,90.0,395.0,50.0,20.0,95.0,430.0,95.0,160.0,10.0,3470.0,1410.0,20.0,15.0,85.0,70.0,180.0,20.0,20.0,215.0,10.0,485.0,2305.0,915.0,255.0,85.0,120.0,3565.0,155.0,740.0,125.0,60.0,0.0,110.0,10.0,105.0,20.0,0.0,19520.0,215.0,45.0,185.0,105.0,1500.0
Dufferin Grove,10.0,160.0,25.0,865.0,1285.0,100.0,15.0,110.0,310.0,45.0,50.0,0.0,0.0,20.0,2080.0,35.0,45.0,20.0,45.0,0.0,45.0,45.0,115.0,20.0,0.0,25.0,150.0,60.0,10.0,10.0,65.0,10.0,65.0,10.0,10.0,0.0,10.0,85.0,310.0,100.0,105.0,60.0,20.0,125.0,75.0,1235.0,25.0,35.0,15.0,0.0,10.0,40.0,10.0,10.0,4395.0,60.0,35.0,170.0,135.0,245.0
East End-Danforth,20.0,400.0,30.0,1065.0,2805.0,470.0,50.0,60.0,425.0,0.0,15.0,20.0,20.0,85.0,1615.0,30.0,80.0,110.0,125.0,0.0,135.0,55.0,200.0,115.0,15.0,75.0,105.0,160.0,45.0,25.0,95.0,15.0,45.0,15.0,30.0,20.0,45.0,100.0,245.0,250.0,170.0,320.0,30.0,495.0,70.0,50.0,90.0,30.0,25.0,0.0,65.0,40.0,30.0,30.0,5930.0,175.0,20.0,640.0,215.0,100.0
Edenbridge-Humber Valley,10.0,290.0,0.0,1020.0,1025.0,0.0,90.0,90.0,125.0,190.0,115.0,25.0,35.0,40.0,3590.0,30.0,145.0,45.0,25.0,0.0,35.0,60.0,135.0,60.0,0.0,30.0,595.0,125.0,0.0,0.0,150.0,25.0,65.0,0.0,45.0,25.0,10.0,115.0,330.0,180.0,655.0,40.0,20.0,160.0,420.0,200.0,130.0,105.0,170.0,70.0,25.0,10.0,20.0,10.0,5950.0,35.0,475.0,295.0,110.0,60.0
Eglinton East,320.0,930.0,10.0,2965.0,7845.0,400.0,0.0,0.0,380.0,35.0,35.0,10.0,35.0,255.0,1255.0,20.0,115.0,270.0,910.0,95.0,85.0,25.0,985.0,60.0,10.0,10.0,150.0,730.0,25.0,30.0,30.0,20.0,10.0,0.0,0.0,30.0,0.0,470.0,565.0,560.0,215.0,275.0,10.0,2405.0,70.0,40.0,75.0,45.0,40.0,60.0,20.0,2070.0,55.0,15.0,13000.0,460.0,0.0,165.0,110.0,140.0
Elms-Old Rexdale,160.0,865.0,0.0,1440.0,1450.0,95.0,10.0,10.0,40.0,70.0,25.0,10.0,130.0,70.0,975.0,0.0,25.0,20.0,145.0,0.0,20.0,40.0,145.0,0.0,20.0,10.0,390.0,420.0,0.0,20.0,90.0,0.0,15.0,0.0,0.0,170.0,0.0,200.0,420.0,95.0,90.0,110.0,50.0,410.0,150.0,110.0,0.0,0.0,10.0,395.0,0.0,85.0,10.0,10.0,4730.0,120.0,30.0,65.0,60.0,150.0
Englemount-Lawrence,70.0,705.0,0.0,1875.0,4595.0,0.0,30.0,45.0,170.0,95.0,50.0,10.0,75.0,140.0,2610.0,25.0,95.0,80.0,115.0,10.0,35.0,210.0,130.0,75.0,0.0,10.0,360.0,315.0,10.0,45.0,90.0,10.0,60.0,45.0,20.0,65.0,10.0,200.0,300.0,620.0,395.0,15.0,45.0,3180.0,220.0,245.0,200.0,245.0,50.0,125.0,100.0,30.0,10.0,20.0,9780.0,140.0,185.0,190.0,680.0,105.0
Eringate-Centennial-West Deane,25.0,405.0,10.0,1005.0,2260.0,40.0,300.0,90.0,305.0,105.0,145.0,70.0,45.0,10.0,4505.0,15.0,155.0,105.0,75.0,0.0,105.0,135.0,365.0,60.0,30.0,65.0,470.0,140.0,10.0,50.0,285.0,45.0,0.0,0.0,20.0,10.0,20.0,75.0,290.0,190.0,535.0,175.0,15.0,300.0,595.0,370.0,125.0,140.0,395.0,135.0,30.0,155.0,20.0,40.0,8190.0,110.0,560.0,360.0,115.0,80.0
Etobicoke West Mall,80.0,225.0,0.0,690.0,2360.0,55.0,160.0,25.0,150.0,35.0,75.0,0.0,10.0,0.0,2520.0,0.0,95.0,45.0,85.0,0.0,40.0,50.0,275.0,0.0,45.0,10.0,155.0,135.0,10.0,20.0,195.0,80.0,25.0,10.0,0.0,40.0,10.0,55.0,300.0,415.0,490.0,240.0,0.0,545.0,330.0,155.0,60.0,110.0,250.0,70.0,35.0,150.0,10.0,25.0,5805.0,40.0,375.0,175.0,40.0,75.0
Flemingdon Park,1115.0,1675.0,20.0,1065.0,9505.0,580.0,30.0,20.0,655.0,105.0,0.0,50.0,10.0,250.0,1750.0,20.0,65.0,370.0,185.0,0.0,135.0,35.0,1740.0,285.0,40.0,0.0,20.0,190.0,20.0,170.0,155.0,40.0,60.0,50.0,20.0,40.0,30.0,930.0,195.0,740.0,550.0,1360.0,20.0,1810.0,50.0,25.0,130.0,100.0,90.0,135.0,20.0,635.0,60.0,10.0,14020.0,105.0,60.0,210.0,145.0,115.0
Forest Hill North,35.0,255.0,0.0,825.0,2130.0,15.0,55.0,35.0,120.0,75.0,10.0,25.0,20.0,10.0,1760.0,20.0,70.0,35.0,25.0,0.0,25.0,125.0,50.0,90.0,0.0,20.0,65.0,115.0,10.0,25.0,80.0,20.0,45.0,35.0,10.0,15.0,0.0,60.0,245.0,375.0,440.0,15.0,25.0,1265.0,55.0,40.0,235.0,230.0,70.0,0.0,95.0,10.0,20.0,0.0,4975.0,45.0,105.0,150.0,185.0,0.0
Forest Hill South,10.0,150.0,0.0,595.0,895.0,0.0,10.0,40.0,180.0,30.0,25.0,10.0,20.0,0.0,1095.0,50.0,105.0,25.0,10.0,0.0,70.0,80.0,65.0,105.0,10.0,10.0,35.0,60.0,10.0,0.0,20.0,10.0,25.0,30.0,30.0,0.0,25.0,45.0,160.0,165.0,170.0,10.0,0.0,200.0,65.0,10.0,45.0,90.0,50.0,0.0,60.0,10.0,10.0,0.0,2760.0,10.0,55.0,220.0,230.0,15.0
Glenfield-Jane Heights,200.0,1555.0,0.0,6470.0,6370.0,60.0,0.0,0.0,160.0,155.0,20.0,0.0,465.0,105.0,3360.0,20.0,25.0,85.0,1595.0,60.0,20.0,40.0,410.0,10.0,325.0,15.0,2475.0,1450.0,10.0,35.0,10.0,35.0,140.0,15.0,10.0,475.0,35.0,770.0,2155.0,830.0,105.0,100.0,155.0,1155.0,105.0,245.0,20.0,20.0,50.0,140.0,10.0,235.0,10.0,0.0,17795.0,225.0,40.0,80.0,85.0,2785.0
Greenwood-Coxwell,40.0,280.0,0.0,730.0,2420.0,40.0,30.0,20.0,890.0,0.0,10.0,20.0,20.0,85.0,940.0,20.0,40.0,105.0,110.0,10.0,160.0,20.0,240.0,35.0,0.0,45.0,95.0,80.0,15.0,30.0,50.0,0.0,10.0,10.0,10.0,0.0,10.0,125.0,260.0,235.0,80.0,210.0,10.0,190.0,30.0,25.0,25.0,20.0,0.0,10.0,20.0,45.0,0.0,30.0,4385.0,65.0,35.0,345.0,160.0,245.0
Guildwood,25.0,130.0,0.0,640.0,1165.0,145.0,0.0,10.0,115.0,10.0,25.0,0.0,10.0,20.0,1185.0,15.0,150.0,60.0,165.0,20.0,45.0,30.0,135.0,25.0,0.0,45.0,55.0,120.0,15.0,10.0,45.0,10.0,55.0,0.0,25.0,0.0,10.0,55.0,40.0,55.0,155.0,45.0,0.0,390.0,70.0,25.0,65.0,10.0,25.0,0.0,30.0,55.0,0.0,0.0,3135.0,135.0,30.0,400.0,90.0,60.0
Henry Farm,370.0,520.0,25.0,825.0,7255.0,225.0,0.0,70.0,1315.0,65.0,10.0,215.0,25.0,10.0,910.0,30.0,35.0,60.0,120.0,0.0,380.0,40.0,1165.0,760.0,360.0,10.0,30.0,110.0,40.0,30.0,230.0,85.0,10.0,0.0,20.0,35.0,0.0,170.0,200.0,500.0,145.0,425.0,0.0,1025.0,40.0,30.0,135.0,135.0,20.0,25.0,15.0,155.0,75.0,70.0,9530.0,80.0,55.0,115.0,155.0,65.0
High Park North,10.0,330.0,10.0,1210.0,1995.0,10.0,95.0,80.0,250.0,85.0,60.0,40.0,20.0,80.0,4065.0,65.0,235.0,60.0,65.0,0.0,75.0,115.0,300.0,200.0,35.0,90.0,100.0,70.0,45.0,10.0,200.0,20.0,145.0,0.0,25.0,10.0,55.0,130.0,355.0,375.0,685.0,70.0,45.0,245.0,725.0,135.0,150.0,360.0,240.0,0.0,55.0,10.0,25.0,10.0,7665.0,50.0,400.0,550.0,300.0,90.0
High Park-Swansea,0.0,315.0,10.0,1025.0,1425.0,15.0,115.0,35.0,260.0,55.0,90.0,55.0,0.0,20.0,3730.0,55.0,230.0,60.0,60.0,0.0,65.0,50.0,170.0,100.0,30.0,110.0,105.0,75.0,70.0,15.0,155.0,0.0,65.0,10.0,40.0,30.0,65.0,85.0,235.0,165.0,550.0,25.0,60.0,165.0,730.0,135.0,100.0,210.0,300.0,30.0,45.0,30.0,10.0,15.0,6570.0,60.0,275.0,565.0,350.0,140.0
Highland Creek,35.0,190.0,0.0,1895.0,4000.0,165.0,0.0,20.0,260.0,10.0,10.0,25.0,15.0,20.0,910.0,0.0,50.0,85.0,715.0,10.0,205.0,30.0,835.0,20.0,15.0,20.0,265.0,520.0,10.0,30.0,75.0,10.0,10.0,0.0,0.0,20.0,20.0,90.0,275.0,245.0,155.0,285.0,10.0,590.0,55.0,25.0,20.0,0.0,10.0,0.0,0.0,1165.0,0.0,10.0,7010.0,240.0,0.0,190.0,75.0,65.0
Hillcrest Village,60.0,330.0,0.0,755.0,8860.0,40.0,15.0,10.0,4325.0,90.0,10.0,60.0,30.0,10.0,1320.0,25.0,85.0,85.0,125.0,0.0,1460.0,65.0,560.0,690.0,20.0,20.0,35.0,135.0,40.0,50.0,420.0,60.0,20.0,15.0,20.0,10.0,20.0,130.0,105.0,350.0,210.0,95.0,45.0,245.0,55.0,10.0,290.0,115.0,45.0,25.0,30.0,180.0,25.0,205.0,11285.0,105.0,75.0,180.0,105.0,70.0
Humber Heights-Westmount,25.0,430.0,0.0,850.0,560.0,25.0,45.0,80.0,0.0,95.0,75.0,25.0,40.0,85.0,2800.0,0.0,65.0,25.0,65.0,0.0,0.0,45.0,100.0,20.0,25.0,0.0,705.0,130.0,0.0,0.0,90.0,10.0,10.0,0.0,10.0,25.0,20.0,150.0,275.0,55.0,390.0,15.0,35.0,125.0,310.0,300.0,100.0,100.0,75.0,135.0,0.0,10.0,0.0,25.0,4645.0,55.0,425.0,160.0,70.0,0.0
Humber Summit,80.0,275.0,0.0,1525.0,3510.0,120.0,0.0,0.0,50.0,85.0,10.0,0.0,85.0,0.0,1965.0,20.0,15.0,15.0,255.0,0.0,10.0,0.0,1140.0,10.0,365.0,0.0,1615.0,550.0,0.0,10.0,40.0,0.0,45.0,0.0,10.0,65.0,10.0,150.0,375.0,65.0,20.0,975.0,20.0,285.0,15.0,110.0,30.0,10.0,0.0,50.0,10.0,95.0,0.0,0.0,7285.0,90.0,15.0,70.0,25.0,295.0
Humbermede,45.0,780.0,0.0,3160.0,4100.0,10.0,0.0,30.0,95.0,150.0,10.0,25.0,175.0,40.0,1380.0,0.0,40.0,45.0,500.0,60.0,0.0,65.0,1015.0,10.0,125.0,0.0,760.0,790.0,10.0,10.0,65.0,0.0,45.0,0.0,0.0,260.0,0.0,395.0,1145.0,270.0,90.0,790.0,70.0,675.0,40.0,115.0,45.0,20.0,10.0,40.0,10.0,180.0,40.0,0.0,9435.0,115.0,10.0,110.0,75.0,790.0
Humewood-Cedarvale,10.0,320.0,0.0,1095.0,1800.0,20.0,0.0,25.0,80.0,35.0,10.0,35.0,20.0,15.0,1410.0,30.0,45.0,140.0,35.0,0.0,45.0,105.0,45.0,50.0,0.0,20.0,165.0,195.0,60.0,20.0,85.0,10.0,85.0,15.0,25.0,10.0,10.0,145.0,390.0,155.0,210.0,40.0,20.0,1155.0,95.0,110.0,55.0,95.0,25.0,0.0,75.0,30.0,10.0,0.0,4660.0,75.0,40.0,245.0,240.0,45.0
Ionview,70.0,545.0,20.0,1405.0,4915.0,270.0,0.0,0.0,235.0,0.0,10.0,40.0,50.0,110.0,915.0,10.0,60.0,230.0,560.0,15.0,45.0,0.0,665.0,25.0,35.0,10.0,115.0,320.0,0.0,20.0,15.0,65.0,0.0,30.0,10.0,0.0,10.0,290.0,245.0,370.0,220.0,240.0,0.0,1915.0,45.0,20.0,30.0,10.0,25.0,40.0,0.0,810.0,45.0,10.0,7790.0,130.0,0.0,115.0,70.0,95.0
Islington-City Centre West,120.0,1350.0,10.0,2460.0,7415.0,240.0,490.0,190.0,790.0,180.0,310.0,110.0,85.0,95.0,8325.0,95.0,250.0,155.0,185.0,30.0,195.0,120.0,1250.0,195.0,140.0,120.0,640.0,380.0,40.0,105.0,1195.0,85.0,145.0,20.0,70.0,120.0,50.0,470.0,705.0,855.0,1185.0,335.0,85.0,1360.0,1270.0,660.0,265.0,350.0,555.0,345.0,85.0,140.0,135.0,85.0,19585.0,205.0,1105.0,725.0,265.0,250.0
Junction Area,0.0,165.0,0.0,855.0,1640.0,20.0,20.0,60.0,320.0,30.0,35.0,10.0,25.0,10.0,1855.0,20.0,75.0,130.0,65.0,0.0,55.0,30.0,155.0,20.0,0.0,45.0,105.0,85.0,35.0,10.0,30.0,0.0,95.0,0.0,10.0,10.0,30.0,100.0,195.0,195.0,295.0,15.0,45.0,395.0,140.0,490.0,45.0,80.0,55.0,0.0,0.0,15.0,0.0,25.0,4550.0,75.0,95.0,250.0,175.0,365.0
Keelesdale-Eglinton West,0.0,150.0,0.0,1535.0,1450.0,10.0,0.0,160.0,25.0,35.0,10.0,0.0,85.0,0.0,3045.0,20.0,10.0,55.0,130.0,0.0,25.0,20.0,285.0,10.0,10.0,10.0,535.0,345.0,10.0,0.0,0.0,0.0,25.0,0.0,10.0,0.0,10.0,110.0,595.0,90.0,50.0,45.0,35.0,615.0,70.0,2170.0,0.0,10.0,0.0,10.0,25.0,60.0,10.0,0.0,6190.0,80.0,0.0,60.0,25.0,240.0
Kennedy Park,85.0,730.0,10.0,1525.0,6080.0,1135.0,10.0,20.0,420.0,10.0,30.0,10.0,65.0,245.0,1125.0,20.0,0.0,240.0,575.0,10.0,225.0,20.0,350.0,35.0,40.0,10.0,145.0,350.0,60.0,40.0,30.0,50.0,20.0,10.0,35.0,55.0,10.0,260.0,215.0,280.0,210.0,345.0,10.0,2050.0,0.0,60.0,45.0,10.0,60.0,110.0,0.0,820.0,20.0,10.0,9465.0,205.0,0.0,225.0,75.0,125.0
Kensington-Chinatown,40.0,320.0,0.0,795.0,5615.0,45.0,20.0,35.0,2990.0,35.0,0.0,15.0,35.0,70.0,860.0,50.0,35.0,20.0,25.0,20.0,395.0,20.0,130.0,100.0,10.0,30.0,25.0,140.0,65.0,10.0,185.0,10.0,20.0,35.0,0.0,10.0,10.0,80.0,195.0,435.0,130.0,155.0,10.0,340.0,90.0,125.0,30.0,50.0,10.0,55.0,30.0,25.0,30.0,110.0,7610.0,90.0,10.0,180.0,190.0,535.0
Kingsview Village-The Westway,280.0,2575.0,0.0,2000.0,3935.0,190.0,20.0,85.0,185.0,100.0,110.0,45.0,105.0,125.0,2870.0,35.0,75.0,75.0,220.0,10.0,30.0,155.0,770.0,50.0,80.0,20.0,900.0,570.0,0.0,255.0,170.0,70.0,50.0,30.0,0.0,230.0,25.0,635.0,630.0,265.0,410.0,875.0,20.0,540.0,340.0,240.0,70.0,65.0,20.0,1265.0,10.0,205.0,35.0,20.0,11430.0,115.0,140.0,195.0,120.0,165.0
Kingsway South,0.0,70.0,0.0,300.0,420.0,0.0,20.0,10.0,60.0,10.0,25.0,0.0,0.0,0.0,1095.0,10.0,60.0,15.0,30.0,0.0,25.0,40.0,50.0,35.0,0.0,30.0,115.0,20.0,0.0,15.0,70.0,10.0,0.0,0.0,35.0,0.0,65.0,35.0,55.0,45.0,130.0,0.0,10.0,65.0,130.0,10.0,30.0,20.0,40.0,0.0,30.0,0.0,0.0,10.0,1960.0,20.0,80.0,295.0,150.0,0.0
L'Amoreaux,160.0,1370.0,10.0,2670.0,21875.0,120.0,35.0,35.0,9430.0,40.0,20.0,290.0,95.0,90.0,2385.0,20.0,140.0,545.0,565.0,25.0,1575.0,90.0,1360.0,400.0,495.0,20.0,510.0,980.0,40.0,110.0,120.0,565.0,45.0,0.0,10.0,85.0,45.0,615.0,455.0,1185.0,360.0,530.0,25.0,2020.0,95.0,50.0,135.0,55.0,30.0,95.0,40.0,2620.0,590.0,130.0,28330.0,285.0,20.0,305.0,115.0,600.0
Lambton Baby Point,10.0,205.0,0.0,505.0,415.0,0.0,25.0,25.0,60.0,20.0,15.0,0.0,0.0,25.0,1280.0,20.0,45.0,25.0,10.0,10.0,10.0,70.0,45.0,40.0,0.0,30.0,15.0,115.0,0.0,20.0,30.0,0.0,15.0,0.0,35.0,35.0,0.0,85.0,140.0,65.0,160.0,15.0,20.0,110.0,215.0,110.0,60.0,60.0,35.0,35.0,10.0,0.0,10.0,10.0,2410.0,25.0,180.0,170.0,125.0,10.0
Lansing-Westgate,10.0,315.0,0.0,695.0,4260.0,25.0,15.0,60.0,540.0,40.0,30.0,45.0,0.0,15.0,1785.0,35.0,35.0,80.0,25.0,0.0,245.0,70.0,345.0,915.0,10.0,20.0,75.0,70.0,40.0,20.0,580.0,35.0,35.0,25.0,25.0,0.0,0.0,120.0,195.0,415.0,300.0,85.0,15.0,830.0,105.0,20.0,195.0,320.0,30.0,10.0,90.0,35.0,10.0,120.0,7075.0,50.0,210.0,225.0,210.0,35.0
Lawrence Park North,0.0,110.0,0.0,555.0,1335.0,10.0,20.0,0.0,235.0,25.0,35.0,10.0,10.0,0.0,1295.0,35.0,70.0,115.0,35.0,0.0,120.0,40.0,65.0,200.0,10.0,55.0,40.0,30.0,15.0,25.0,175.0,20.0,35.0,10.0,30.0,0.0,50.0,10.0,110.0,205.0,225.0,0.0,10.0,165.0,35.0,15.0,50.0,55.0,55.0,0.0,60.0,25.0,10.0,40.0,3345.0,20.0,40.0,385.0,270.0,40.0
Lawrence Park South,0.0,195.0,20.0,545.0,1145.0,0.0,25.0,25.0,230.0,10.0,0.0,40.0,0.0,10.0,1225.0,65.0,90.0,50.0,20.0,0.0,35.0,20.0,95.0,225.0,0.0,55.0,85.0,45.0,10.0,10.0,35.0,30.0,35.0,0.0,20.0,0.0,70.0,35.0,105.0,155.0,200.0,35.0,0.0,195.0,65.0,20.0,35.0,110.0,50.0,0.0,75.0,25.0,10.0,30.0,3170.0,55.0,70.0,300.0,265.0,30.0
Leaside-Bennington,0.0,165.0,0.0,590.0,1105.0,15.0,25.0,80.0,185.0,10.0,20.0,20.0,10.0,0.0,1435.0,45.0,80.0,90.0,25.0,0.0,140.0,50.0,100.0,110.0,10.0,50.0,65.0,55.0,10.0,55.0,120.0,10.0,20.0,10.0,45.0,10.0,70.0,40.0,155.0,180.0,135.0,10.0,20.0,135.0,30.0,25.0,65.0,45.0,55.0,0.0,45.0,10.0,10.0,20.0,3365.0,20.0,15.0,595.0,210.0,25.0
Little Portugal,10.0,265.0,10.0,650.0,1485.0,0.0,10.0,95.0,585.0,30.0,0.0,10.0,10.0,10.0,2410.0,40.0,50.0,10.0,40.0,0.0,60.0,10.0,70.0,45.0,10.0,25.0,105.0,45.0,10.0,0.0,75.0,0.0,40.0,10.0,10.0,20.0,45.0,175.0,185.0,155.0,95.0,30.0,20.0,100.0,70.0,1740.0,25.0,35.0,15.0,10.0,30.0,10.0,0.0,20.0,4840.0,30.0,10.0,140.0,120.0,285.0
Long Branch,0.0,105.0,0.0,650.0,825.0,15.0,35.0,20.0,75.0,15.0,40.0,10.0,35.0,10.0,1855.0,25.0,70.0,10.0,55.0,0.0,20.0,45.0,80.0,55.0,0.0,10.0,45.0,75.0,10.0,10.0,10.0,20.0,20.0,10.0,25.0,0.0,10.0,30.0,180.0,145.0,235.0,30.0,0.0,310.0,520.0,80.0,25.0,115.0,70.0,10.0,15.0,10.0,10.0,0.0,3450.0,120.0,255.0,260.0,125.0,55.0
Malvern,295.0,1205.0,25.0,7120.0,17440.0,510.0,10.0,0.0,1370.0,70.0,10.0,75.0,115.0,160.0,1060.0,30.0,90.0,45.0,2430.0,125.0,700.0,30.0,3380.0,80.0,45.0,10.0,65.0,2105.0,20.0,140.0,60.0,40.0,40.0,20.0,40.0,175.0,45.0,505.0,935.0,585.0,200.0,1540.0,25.0,3660.0,105.0,65.0,55.0,10.0,0.0,100.0,40.0,4860.0,65.0,50.0,26905.0,1075.0,0.0,350.0,200.0,230.0
Maple Leaf,0.0,145.0,0.0,965.0,1940.0,25.0,0.0,30.0,25.0,45.0,25.0,0.0,70.0,10.0,2185.0,25.0,20.0,30.0,25.0,0.0,0.0,10.0,500.0,10.0,20.0,10.0,1460.0,195.0,0.0,20.0,20.0,20.0,30.0,0.0,0.0,55.0,0.0,50.0,415.0,75.0,85.0,0.0,30.0,965.0,35.0,450.0,10.0,10.0,0.0,0.0,0.0,85.0,0.0,0.0,5245.0,65.0,20.0,35.0,25.0,210.0
Markland Wood,0.0,90.0,0.0,440.0,625.0,0.0,220.0,50.0,45.0,20.0,155.0,10.0,10.0,0.0,2725.0,20.0,75.0,55.0,25.0,10.0,45.0,50.0,50.0,40.0,0.0,30.0,130.0,50.0,0.0,20.0,170.0,15.0,30.0,0.0,45.0,0.0,10.0,35.0,95.0,75.0,460.0,45.0,10.0,75.0,350.0,75.0,65.0,35.0,415.0,0.0,20.0,0.0,20.0,20.0,3895.0,25.0,270.0,270.0,120.0,10.0
Milliken,50.0,235.0,0.0,1110.0,16660.0,20.0,0.0,0.0,9410.0,0.0,0.0,30.0,10.0,10.0,245.0,10.0,15.0,40.0,340.0,0.0,3050.0,0.0,780.0,10.0,20.0,0.0,30.0,335.0,30.0,35.0,10.0,10.0,0.0,0.0,10.0,0.0,0.0,155.0,185.0,450.0,30.0,160.0,30.0,885.0,0.0,10.0,15.0,10.0,10.0,0.0,10.0,1150.0,10.0,150.0,18260.0,175.0,0.0,80.0,40.0,465.0
Mimico (includes Humber Bay Shores),15.0,700.0,10.0,2165.0,4515.0,60.0,150.0,155.0,710.0,135.0,100.0,100.0,65.0,70.0,5990.0,55.0,235.0,50.0,170.0,0.0,200.0,100.0,920.0,310.0,35.0,75.0,370.0,235.0,60.0,40.0,395.0,75.0,160.0,10.0,40.0,110.0,55.0,240.0,640.0,600.0,935.0,120.0,105.0,770.0,1190.0,470.0,180.0,340.0,125.0,40.0,70.0,45.0,15.0,10.0,13440.0,170.0,740.0,830.0,340.0,160.0
Morningside,175.0,510.0,10.0,2205.0,5800.0,285.0,0.0,10.0,365.0,0.0,0.0,10.0,10.0,60.0,955.0,10.0,80.0,60.0,635.0,35.0,145.0,20.0,875.0,15.0,15.0,45.0,115.0,760.0,25.0,15.0,55.0,45.0,65.0,0.0,25.0,135.0,30.0,225.0,380.0,195.0,130.0,395.0,0.0,1510.0,75.0,20.0,65.0,10.0,45.0,10.0,35.0,1570.0,40.0,40.0,9495.0,220.0,0.0,245.0,85.0,75.0
Moss Park,25.0,1270.0,10.0,1205.0,2620.0,190.0,30.0,65.0,360.0,90.0,35.0,40.0,40.0,375.0,1325.0,55.0,45.0,40.0,160.0,10.0,220.0,35.0,220.0,175.0,20.0,50.0,30.0,220.0,40.0,45.0,125.0,25.0,90.0,10.0,30.0,35.0,40.0,440.0,225.0,270.0,145.0,95.0,0.0,375.0,110.0,65.0,60.0,140.0,55.0,245.0,55.0,125.0,30.0,20.0,6475.0,95.0,80.0,320.0,210.0,265.0
Mount Dennis,25.0,1045.0,0.0,3150.0,1835.0,75.0,20.0,240.0,70.0,135.0,20.0,10.0,185.0,75.0,1395.0,15.0,30.0,45.0,270.0,10.0,25.0,25.0,85.0,30.0,0.0,0.0,125.0,920.0,20.0,25.0,135.0,0.0,90.0,0.0,0.0,220.0,15.0,430.0,990.0,130.0,220.0,20.0,55.0,645.0,105.0,575.0,35.0,30.0,0.0,275.0,10.0,55.0,10.0,10.0,7430.0,160.0,55.0,95.0,75.0,515.0
Mount Olive-Silverstone-Jamestown,325.0,2570.0,0.0,4940.0,12570.0,215.0,25.0,20.0,70.0,55.0,20.0,40.0,190.0,110.0,1400.0,25.0,85.0,115.0,1510.0,170.0,30.0,20.0,4815.0,40.0,3535.0,20.0,600.0,1475.0,10.0,130.0,45.0,55.0,80.0,10.0,0.0,725.0,20.0,1105.0,925.0,380.0,125.0,900.0,10.0,645.0,105.0,80.0,10.0,35.0,10.0,435.0,0.0,945.0,230.0,0.0,21505.0,355.0,25.0,105.0,125.0,365.0
Mount Pleasant East,0.0,240.0,0.0,870.0,1535.0,15.0,100.0,35.0,245.0,25.0,25.0,25.0,20.0,10.0,1830.0,45.0,60.0,80.0,35.0,10.0,125.0,65.0,150.0,210.0,0.0,55.0,40.0,90.0,45.0,35.0,125.0,40.0,30.0,20.0,55.0,0.0,40.0,75.0,195.0,210.0,250.0,10.0,30.0,280.0,120.0,50.0,85.0,95.0,100.0,0.0,85.0,25.0,10.0,0.0,4510.0,90.0,45.0,555.0,305.0,20.0
Mount Pleasant West,30.0,670.0,10.0,1675.0,5130.0,85.0,135.0,130.0,625.0,160.0,75.0,100.0,10.0,50.0,3775.0,80.0,180.0,65.0,135.0,0.0,185.0,95.0,670.0,1115.0,0.0,170.0,135.0,175.0,130.0,30.0,445.0,75.0,160.0,45.0,60.0,40.0,45.0,260.0,360.0,730.0,510.0,115.0,55.0,815.0,175.0,40.0,335.0,430.0,285.0,10.0,160.0,55.0,35.0,35.0,11300.0,140.0,205.0,840.0,345.0,15.0
New Toronto,0.0,405.0,0.0,830.0,1045.0,10.0,25.0,35.0,125.0,30.0,40.0,10.0,0.0,55.0,1660.0,10.0,45.0,55.0,80.0,20.0,30.0,25.0,140.0,20.0,10.0,55.0,50.0,130.0,25.0,35.0,50.0,10.0,35.0,10.0,10.0,40.0,30.0,180.0,260.0,210.0,195.0,10.0,0.0,320.0,535.0,115.0,25.0,90.0,25.0,50.0,25.0,10.0,0.0,0.0,3970.0,185.0,180.0,230.0,55.0,80.0
Newtonbrook East,65.0,220.0,0.0,405.0,8045.0,50.0,10.0,30.0,1935.0,55.0,40.0,40.0,0.0,10.0,1275.0,0.0,55.0,110.0,65.0,0.0,905.0,65.0,270.0,2170.0,20.0,30.0,235.0,20.0,25.0,20.0,1355.0,60.0,30.0,10.0,0.0,10.0,10.0,115.0,100.0,355.0,150.0,105.0,10.0,420.0,70.0,35.0,70.0,90.0,55.0,0.0,40.0,0.0,20.0,245.0,9940.0,40.0,100.0,180.0,70.0,50.0
Newtonbrook West,80.0,330.0,0.0,840.0,10460.0,30.0,10.0,50.0,965.0,30.0,20.0,60.0,20.0,0.0,4035.0,40.0,80.0,100.0,35.0,0.0,250.0,100.0,380.0,1780.0,45.0,0.0,450.0,105.0,25.0,20.0,1530.0,20.0,50.0,65.0,40.0,10.0,10.0,100.0,250.0,1270.0,730.0,100.0,30.0,3620.0,105.0,55.0,225.0,1020.0,115.0,0.0,55.0,80.0,15.0,160.0,15670.0,125.0,785.0,150.0,115.0,120.0
Niagara,10.0,675.0,0.0,1680.0,3875.0,35.0,60.0,90.0,735.0,165.0,20.0,95.0,60.0,85.0,2695.0,70.0,105.0,20.0,85.0,0.0,310.0,10.0,515.0,310.0,55.0,105.0,80.0,185.0,50.0,75.0,245.0,45.0,120.0,20.0,35.0,55.0,60.0,220.0,450.0,555.0,400.0,115.0,50.0,520.0,250.0,455.0,135.0,190.0,60.0,20.0,100.0,95.0,35.0,40.0,8995.0,170.0,100.0,595.0,290.0,170.0
North Riverdale,0.0,90.0,0.0,585.0,1100.0,10.0,10.0,10.0,495.0,20.0,20.0,20.0,0.0,0.0,1085.0,25.0,40.0,185.0,20.0,10.0,95.0,0.0,85.0,40.0,0.0,40.0,70.0,55.0,35.0,20.0,10.0,0.0,20.0,10.0,30.0,0.0,70.0,20.0,85.0,105.0,135.0,10.0,10.0,65.0,35.0,30.0,35.0,25.0,45.0,0.0,35.0,10.0,0.0,10.0,2920.0,45.0,0.0,365.0,305.0,120.0
North St. James Town,45.0,1085.0,0.0,1185.0,6125.0,235.0,25.0,80.0,390.0,90.0,45.0,65.0,15.0,445.0,1065.0,50.0,30.0,20.0,125.0,10.0,65.0,45.0,705.0,255.0,45.0,10.0,35.0,180.0,20.0,15.0,200.0,25.0,100.0,50.0,20.0,15.0,0.0,375.0,315.0,930.0,135.0,215.0,45.0,2230.0,75.0,35.0,50.0,185.0,65.0,90.0,30.0,575.0,25.0,0.0,9480.0,130.0,50.0,180.0,95.0,140.0
O'Connor-Parkview,230.0,495.0,20.0,1230.0,2925.0,240.0,65.0,15.0,260.0,40.0,35.0,10.0,0.0,60.0,2245.0,0.0,70.0,555.0,180.0,0.0,45.0,260.0,185.0,85.0,10.0,20.0,120.0,275.0,10.0,10.0,55.0,20.0,0.0,20.0,25.0,40.0,10.0,290.0,275.0,235.0,415.0,375.0,45.0,835.0,45.0,85.0,85.0,65.0,65.0,35.0,10.0,195.0,35.0,45.0,6900.0,205.0,0.0,320.0,170.0,85.0
Oakridge,290.0,960.0,0.0,810.0,5145.0,2470.0,0.0,0.0,395.0,0.0,10.0,50.0,10.0,305.0,590.0,10.0,35.0,80.0,180.0,0.0,65.0,10.0,370.0,85.0,25.0,10.0,105.0,195.0,20.0,10.0,20.0,20.0,20.0,10.0,0.0,50.0,0.0,465.0,180.0,270.0,100.0,280.0,0.0,555.0,10.0,40.0,10.0,20.0,10.0,65.0,10.0,230.0,10.0,10.0,7510.0,145.0,0.0,125.0,65.0,45.0
Oakwood Village,10.0,565.0,0.0,2775.0,2955.0,20.0,10.0,100.0,360.0,165.0,30.0,70.0,110.0,160.0,3655.0,60.0,55.0,410.0,110.0,0.0,50.0,70.0,160.0,50.0,15.0,25.0,1140.0,630.0,10.0,35.0,70.0,10.0,180.0,10.0,10.0,20.0,10.0,255.0,1015.0,265.0,235.0,35.0,100.0,1500.0,90.0,1185.0,50.0,75.0,10.0,10.0,10.0,30.0,0.0,20.0,9960.0,170.0,55.0,195.0,185.0,330.0
Old East York,10.0,30.0,0.0,445.0,1070.0,10.0,50.0,0.0,215.0,50.0,35.0,0.0,0.0,0.0,1445.0,10.0,30.0,550.0,70.0,0.0,55.0,0.0,40.0,45.0,10.0,80.0,75.0,75.0,15.0,0.0,35.0,15.0,10.0,0.0,20.0,0.0,20.0,25.0,125.0,155.0,180.0,35.0,0.0,295.0,20.0,20.0,30.0,30.0,70.0,0.0,20.0,20.0,0.0,30.0,3020.0,60.0,0.0,235.0,60.0,120.0
Palmerston-Little Italy,0.0,140.0,0.0,675.0,1150.0,0.0,10.0,60.0,460.0,30.0,0.0,30.0,35.0,20.0,2115.0,75.0,60.0,105.0,20.0,0.0,75.0,20.0,55.0,55.0,30.0,55.0,455.0,45.0,20.0,0.0,85.0,10.0,25.0,10.0,10.0,0.0,20.0,40.0,160.0,110.0,150.0,10.0,0.0,70.0,55.0,825.0,25.0,20.0,10.0,0.0,35.0,10.0,0.0,35.0,4100.0,75.0,45.0,210.0,235.0,120.0
Parkwoods-Donalda,420.0,1335.0,25.0,2910.0,9175.0,515.0,90.0,55.0,1180.0,335.0,30.0,300.0,15.0,60.0,3755.0,55.0,145.0,295.0,405.0,25.0,345.0,125.0,590.0,860.0,130.0,45.0,150.0,650.0,40.0,95.0,355.0,255.0,110.0,40.0,55.0,40.0,40.0,550.0,770.0,840.0,585.0,540.0,50.0,1920.0,180.0,105.0,830.0,155.0,150.0,115.0,100.0,475.0,435.0,130.0,17210.0,265.0,110.0,625.0,245.0,145.0
Pelmo Park-Humberlea,25.0,290.0,0.0,1105.0,1545.0,35.0,30.0,30.0,35.0,35.0,10.0,0.0,95.0,20.0,1980.0,20.0,30.0,45.0,95.0,0.0,10.0,25.0,165.0,0.0,40.0,0.0,935.0,260.0,0.0,20.0,25.0,0.0,65.0,0.0,0.0,35.0,15.0,165.0,440.0,95.0,200.0,95.0,0.0,360.0,95.0,365.0,30.0,20.0,20.0,45.0,15.0,100.0,25.0,0.0,4935.0,20.0,45.0,115.0,35.0,535.0
Playter Estates-Danforth,0.0,90.0,0.0,340.0,495.0,0.0,0.0,10.0,155.0,10.0,20.0,10.0,0.0,15.0,840.0,15.0,65.0,285.0,0.0,10.0,40.0,20.0,60.0,20.0,0.0,25.0,45.0,20.0,30.0,0.0,20.0,0.0,10.0,0.0,20.0,0.0,30.0,35.0,80.0,60.0,95.0,25.0,0.0,40.0,25.0,0.0,0.0,20.0,35.0,0.0,15.0,0.0,0.0,0.0,1800.0,45.0,0.0,190.0,145.0,35.0
Pleasant View,55.0,340.0,10.0,675.0,6655.0,50.0,25.0,0.0,3255.0,35.0,20.0,110.0,45.0,15.0,2085.0,0.0,50.0,725.0,80.0,0.0,495.0,50.0,410.0,355.0,60.0,0.0,500.0,155.0,25.0,35.0,145.0,65.0,10.0,0.0,10.0,0.0,10.0,125.0,140.0,460.0,170.0,115.0,0.0,520.0,45.0,60.0,135.0,55.0,60.0,10.0,40.0,195.0,190.0,140.0,9770.0,125.0,0.0,175.0,70.0,115.0
Princess-Rosethorn,20.0,150.0,0.0,345.0,1025.0,0.0,20.0,20.0,250.0,20.0,65.0,0.0,0.0,0.0,1805.0,20.0,85.0,50.0,15.0,0.0,55.0,20.0,170.0,25.0,10.0,20.0,180.0,25.0,40.0,0.0,120.0,0.0,35.0,10.0,30.0,0.0,40.0,55.0,45.0,120.0,295.0,10.0,20.0,45.0,250.0,125.0,135.0,50.0,70.0,25.0,50.0,70.0,20.0,20.0,3365.0,30.0,125.0,265.0,120.0,30.0
Regent Park,25.0,665.0,10.0,550.0,3385.0,840.0,0.0,25.0,645.0,30.0,0.0,40.0,30.0,145.0,395.0,25.0,10.0,15.0,65.0,10.0,50.0,0.0,150.0,100.0,15.0,15.0,10.0,90.0,15.0,15.0,10.0,10.0,0.0,15.0,10.0,25.0,15.0,285.0,150.0,155.0,65.0,255.0,30.0,240.0,30.0,10.0,0.0,30.0,10.0,120.0,10.0,410.0,15.0,20.0,5015.0,40.0,30.0,115.0,80.0,410.0
Rexdale-Kipling,100.0,380.0,0.0,1505.0,1745.0,75.0,40.0,0.0,25.0,40.0,190.0,30.0,175.0,30.0,1340.0,15.0,55.0,55.0,200.0,0.0,10.0,25.0,375.0,10.0,70.0,20.0,285.0,370.0,0.0,25.0,20.0,10.0,70.0,15.0,10.0,75.0,10.0,115.0,425.0,155.0,155.0,230.0,45.0,455.0,75.0,95.0,95.0,20.0,40.0,70.0,10.0,90.0,0.0,0.0,4975.0,145.0,60.0,125.0,35.0,130.0
Rockcliffe-Smythe,35.0,845.0,20.0,3335.0,2630.0,100.0,30.0,235.0,115.0,10.0,105.0,40.0,340.0,150.0,4195.0,15.0,80.0,160.0,345.0,15.0,10.0,55.0,175.0,40.0,0.0,0.0,485.0,650.0,30.0,35.0,30.0,10.0,155.0,10.0,30.0,30.0,10.0,340.0,1185.0,300.0,405.0,155.0,130.0,640.0,260.0,2110.0,55.0,35.0,45.0,230.0,20.0,35.0,10.0,0.0,11030.0,185.0,110.0,195.0,100.0,970.0
Roncesvalles,0.0,150.0,0.0,900.0,1475.0,30.0,0.0,25.0,220.0,50.0,50.0,10.0,20.0,10.0,1815.0,30.0,85.0,35.0,130.0,0.0,45.0,125.0,310.0,35.0,10.0,20.0,35.0,80.0,10.0,10.0,35.0,20.0,40.0,0.0,10.0,10.0,75.0,85.0,175.0,165.0,145.0,35.0,20.0,185.0,455.0,335.0,10.0,50.0,45.0,10.0,10.0,125.0,0.0,10.0,4390.0,120.0,50.0,325.0,240.0,235.0
Rosedale-Moore Park,0.0,375.0,0.0,1150.0,1710.0,30.0,20.0,90.0,315.0,80.0,10.0,60.0,10.0,45.0,2205.0,100.0,145.0,75.0,20.0,0.0,180.0,135.0,205.0,185.0,0.0,75.0,100.0,75.0,50.0,35.0,130.0,65.0,60.0,30.0,35.0,10.0,40.0,55.0,195.0,255.0,320.0,50.0,40.0,140.0,90.0,35.0,125.0,100.0,65.0,10.0,140.0,20.0,10.0,30.0,5505.0,50.0,35.0,770.0,555.0,10.0
Rouge,315.0,925.0,10.0,6015.0,16890.0,385.0,0.0,25.0,595.0,30.0,10.0,55.0,35.0,135.0,1685.0,25.0,160.0,50.0,2030.0,20.0,460.0,25.0,2940.0,65.0,55.0,10.0,145.0,1925.0,10.0,45.0,45.0,30.0,30.0,0.0,20.0,50.0,80.0,475.0,795.0,615.0,270.0,775.0,60.0,2830.0,140.0,75.0,100.0,10.0,25.0,45.0,105.0,7385.0,80.0,15.0,25580.0,890.0,20.0,580.0,180.0,265.0
Runnymede-Bloor West Village,0.0,115.0,0.0,405.0,440.0,0.0,0.0,10.0,65.0,0.0,80.0,30.0,10.0,10.0,1335.0,30.0,55.0,60.0,40.0,10.0,25.0,10.0,30.0,35.0,0.0,10.0,75.0,40.0,25.0,0.0,25.0,20.0,40.0,10.0,30.0,10.0,40.0,10.0,75.0,40.0,375.0,15.0,10.0,100.0,175.0,90.0,15.0,30.0,40.0,0.0,50.0,15.0,0.0,10.0,2335.0,10.0,80.0,180.0,160.0,45.0
Rustic,10.0,940.0,0.0,1640.0,810.0,10.0,0.0,0.0,0.0,40.0,10.0,10.0,135.0,105.0,1720.0,10.0,30.0,20.0,160.0,10.0,0.0,30.0,70.0,10.0,0.0,10.0,1070.0,590.0,0.0,90.0,0.0,10.0,15.0,0.0,0.0,45.0,0.0,340.0,540.0,65.0,45.0,0.0,30.0,265.0,10.0,390.0,30.0,20.0,10.0,350.0,10.0,125.0,10.0,0.0,5105.0,80.0,10.0,35.0,40.0,240.0
Scarborough Village,340.0,625.0,0.0,2080.0,5290.0,870.0,20.0,0.0,205.0,20.0,10.0,40.0,25.0,180.0,965.0,20.0,80.0,100.0,580.0,195.0,85.0,20.0,740.0,100.0,25.0,10.0,150.0,550.0,10.0,40.0,20.0,10.0,35.0,10.0,20.0,80.0,20.0,215.0,290.0,230.0,150.0,565.0,10.0,825.0,115.0,55.0,35.0,15.0,20.0,40.0,20.0,1155.0,50.0,10.0,8975.0,245.0,10.0,140.0,145.0,50.0
South Parkdale,55.0,745.0,10.0,1575.0,4715.0,75.0,20.0,60.0,545.0,45.0,70.0,20.0,40.0,315.0,1835.0,45.0,50.0,10.0,220.0,0.0,60.0,125.0,1130.0,65.0,35.0,55.0,40.0,230.0,50.0,10.0,55.0,10.0,55.0,10.0,0.0,0.0,55.0,330.0,480.0,705.0,285.0,100.0,40.0,1155.0,505.0,145.0,50.0,35.0,70.0,10.0,35.0,225.0,20.0,20.0,8920.0,230.0,65.0,240.0,180.0,415.0
South Riverdale,25.0,325.0,0.0,1075.0,5320.0,120.0,10.0,60.0,2620.0,20.0,10.0,40.0,35.0,15.0,1390.0,45.0,90.0,75.0,130.0,10.0,325.0,30.0,240.0,70.0,30.0,85.0,35.0,140.0,50.0,10.0,85.0,10.0,75.0,0.0,20.0,20.0,85.0,150.0,170.0,330.0,125.0,85.0,0.0,370.0,85.0,145.0,30.0,30.0,30.0,55.0,45.0,10.0,0.0,40.0,8205.0,100.0,75.0,485.0,350.0,895.0
St.Andrew-Windfields,10.0,500.0,0.0,845.0,5825.0,80.0,60.0,30.0,1665.0,70.0,40.0,115.0,20.0,20.0,1660.0,45.0,105.0,60.0,70.0,0.0,720.0,95.0,260.0,1075.0,30.0,20.0,75.0,140.0,60.0,40.0,590.0,75.0,70.0,20.0,10.0,30.0,10.0,130.0,170.0,500.0,210.0,95.0,15.0,325.0,80.0,45.0,275.0,130.0,75.0,15.0,125.0,105.0,25.0,185.0,8835.0,65.0,70.0,250.0,230.0,35.0
Steeles,55.0,675.0,0.0,690.0,15300.0,25.0,0.0,10.0,9230.0,0.0,0.0,165.0,0.0,0.0,755.0,20.0,50.0,275.0,165.0,0.0,3050.0,0.0,430.0,95.0,40.0,0.0,225.0,180.0,20.0,70.0,90.0,90.0,0.0,0.0,10.0,10.0,20.0,405.0,160.0,550.0,55.0,165.0,10.0,480.0,20.0,0.0,10.0,20.0,0.0,10.0,20.0,270.0,60.0,300.0,17445.0,120.0,0.0,90.0,35.0,375.0
Stonegate-Queensway,20.0,225.0,20.0,940.0,1915.0,10.0,130.0,85.0,190.0,30.0,140.0,25.0,20.0,10.0,5520.0,50.0,160.0,40.0,30.0,15.0,60.0,120.0,425.0,65.0,0.0,75.0,460.0,100.0,30.0,20.0,125.0,15.0,80.0,10.0,35.0,0.0,45.0,125.0,270.0,350.0,655.0,30.0,20.0,340.0,1120.0,375.0,130.0,275.0,335.0,0.0,30.0,70.0,0.0,30.0,8635.0,85.0,860.0,570.0,205.0,115.0
Tam O'Shanter-Sullivan,115.0,720.0,0.0,1775.0,12575.0,100.0,45.0,0.0,4670.0,30.0,0.0,155.0,50.0,30.0,1620.0,25.0,50.0,340.0,370.0,10.0,1325.0,55.0,1075.0,125.0,230.0,20.0,235.0,540.0,85.0,75.0,200.0,165.0,20.0,0.0,35.0,30.0,20.0,320.0,335.0,495.0,185.0,725.0,20.0,1675.0,35.0,30.0,150.0,35.0,40.0,70.0,35.0,1015.0,210.0,115.0,16735.0,240.0,10.0,335.0,115.0,275.0
Taylor-Massey,110.0,880.0,0.0,870.0,5740.0,2560.0,60.0,30.0,255.0,10.0,25.0,30.0,0.0,245.0,1205.0,10.0,45.0,70.0,135.0,20.0,130.0,10.0,685.0,65.0,0.0,0.0,45.0,170.0,35.0,55.0,75.0,10.0,30.0,25.0,10.0,45.0,10.0,440.0,220.0,465.0,370.0,640.0,10.0,470.0,35.0,50.0,210.0,55.0,30.0,35.0,10.0,150.0,30.0,15.0,8705.0,110.0,30.0,145.0,120.0,60.0
The Beaches,0.0,200.0,0.0,920.0,805.0,20.0,20.0,10.0,110.0,15.0,35.0,15.0,10.0,0.0,2240.0,85.0,195.0,55.0,65.0,0.0,45.0,45.0,80.0,55.0,10.0,125.0,65.0,50.0,40.0,30.0,45.0,10.0,65.0,0.0,60.0,0.0,65.0,40.0,150.0,185.0,245.0,30.0,20.0,115.0,105.0,35.0,35.0,90.0,30.0,0.0,100.0,25.0,0.0,30.0,4220.0,50.0,30.0,995.0,485.0,35.0
Thistletown-Beaumond Heights,55.0,460.0,10.0,1205.0,2655.0,60.0,20.0,0.0,45.0,75.0,55.0,10.0,50.0,10.0,1140.0,0.0,75.0,40.0,215.0,30.0,0.0,20.0,1100.0,15.0,425.0,0.0,430.0,275.0,0.0,20.0,15.0,30.0,65.0,0.0,10.0,65.0,10.0,275.0,265.0,85.0,100.0,285.0,25.0,220.0,145.0,70.0,25.0,20.0,15.0,60.0,10.0,120.0,50.0,0.0,5455.0,130.0,30.0,95.0,70.0,115.0
Thorncliffe Park,1160.0,1070.0,85.0,890.0,10035.0,385.0,20.0,25.0,150.0,110.0,10.0,60.0,0.0,115.0,1285.0,20.0,50.0,215.0,110.0,10.0,90.0,45.0,1250.0,40.0,10.0,15.0,25.0,135.0,30.0,130.0,60.0,15.0,55.0,25.0,10.0,10.0,0.0,580.0,150.0,710.0,360.0,4440.0,0.0,1260.0,45.0,20.0,110.0,75.0,60.0,15.0,40.0,220.0,170.0,10.0,13275.0,100.0,15.0,195.0,185.0,40.0
Trinity-Bellwoods,0.0,110.0,0.0,470.0,2410.0,0.0,20.0,55.0,1645.0,10.0,10.0,0.0,10.0,10.0,2770.0,80.0,50.0,10.0,30.0,10.0,140.0,0.0,55.0,50.0,10.0,20.0,230.0,25.0,0.0,20.0,35.0,10.0,10.0,10.0,35.0,10.0,15.0,25.0,105.0,125.0,95.0,10.0,0.0,75.0,70.0,1865.0,20.0,30.0,20.0,0.0,50.0,10.0,10.0,65.0,5805.0,40.0,20.0,225.0,160.0,185.0
University,0.0,80.0,10.0,400.0,910.0,10.0,0.0,35.0,330.0,10.0,0.0,0.0,15.0,25.0,600.0,25.0,10.0,10.0,0.0,0.0,60.0,10.0,80.0,35.0,0.0,20.0,60.0,15.0,30.0,10.0,85.0,10.0,30.0,0.0,0.0,10.0,15.0,30.0,70.0,100.0,40.0,10.0,10.0,100.0,55.0,210.0,20.0,10.0,0.0,0.0,10.0,0.0,0.0,20.0,2015.0,10.0,15.0,110.0,195.0,45.0
Victoria Village,280.0,1110.0,10.0,1425.0,4800.0,155.0,55.0,0.0,350.0,165.0,25.0,50.0,50.0,100.0,1830.0,10.0,50.0,520.0,235.0,25.0,95.0,30.0,450.0,240.0,220.0,30.0,140.0,295.0,0.0,100.0,95.0,225.0,20.0,10.0,0.0,0.0,0.0,790.0,340.0,275.0,355.0,645.0,10.0,1020.0,50.0,25.0,105.0,90.0,60.0,30.0,20.0,300.0,380.0,20.0,9190.0,150.0,35.0,250.0,115.0,55.0
Waterfront Communities-The Island,50.0,1775.0,30.0,3470.0,13015.0,145.0,115.0,235.0,3090.0,215.0,110.0,225.0,55.0,230.0,5390.0,230.0,250.0,165.0,225.0,10.0,1190.0,100.0,1975.0,1185.0,130.0,275.0,170.0,400.0,170.0,150.0,730.0,215.0,245.0,15.0,30.0,175.0,165.0,650.0,830.0,1690.0,660.0,600.0,135.0,1005.0,350.0,200.0,305.0,590.0,275.0,95.0,230.0,195.0,80.0,330.0,23805.0,400.0,290.0,1330.0,740.0,220.0
West Hill,270.0,1150.0,10.0,3865.0,6265.0,910.0,0.0,10.0,280.0,10.0,30.0,10.0,80.0,220.0,2025.0,30.0,135.0,145.0,1090.0,180.0,70.0,120.0,705.0,45.0,0.0,65.0,305.0,1195.0,15.0,50.0,45.0,10.0,80.0,0.0,20.0,170.0,20.0,570.0,525.0,525.0,290.0,370.0,25.0,1935.0,205.0,70.0,65.0,20.0,35.0,100.0,25.0,875.0,25.0,20.0,13340.0,490.0,30.0,465.0,165.0,115.0
West Humber-Clairville,175.0,1610.0,15.0,5370.0,10395.0,170.0,40.0,20.0,140.0,75.0,70.0,25.0,170.0,50.0,1795.0,30.0,120.0,60.0,1895.0,45.0,40.0,50.0,6525.0,45.0,150.0,20.0,630.0,1440.0,20.0,65.0,45.0,30.0,50.0,20.0,10.0,305.0,65.0,840.0,935.0,355.0,245.0,505.0,45.0,1265.0,130.0,115.0,30.0,25.0,10.0,270.0,10.0,585.0,10.0,30.0,19230.0,590.0,20.0,220.0,110.0,260.0
Westminster-Branson,90.0,610.0,0.0,1085.0,9340.0,10.0,25.0,10.0,340.0,70.0,0.0,85.0,45.0,35.0,7105.0,20.0,125.0,40.0,85.0,0.0,125.0,155.0,210.0,545.0,105.0,0.0,125.0,290.0,10.0,20.0,665.0,25.0,40.0,185.0,10.0,30.0,10.0,180.0,310.0,2070.0,1455.0,90.0,30.0,4870.0,280.0,55.0,340.0,2415.0,100.0,10.0,60.0,35.0,40.0,10.0,18150.0,40.0,1780.0,140.0,140.0,105.0
Weston,80.0,1490.0,10.0,3655.0,1815.0,40.0,10.0,165.0,85.0,85.0,55.0,10.0,115.0,155.0,1730.0,40.0,40.0,15.0,245.0,0.0,0.0,175.0,90.0,25.0,30.0,20.0,345.0,1425.0,20.0,55.0,45.0,10.0,110.0,10.0,25.0,255.0,0.0,435.0,1160.0,165.0,205.0,60.0,80.0,475.0,60.0,495.0,25.0,40.0,10.0,545.0,10.0,240.0,45.0,10.0,8690.0,155.0,10.0,165.0,115.0,405.0
Weston-Pelham Park,0.0,380.0,0.0,1290.0,1125.0,65.0,0.0,105.0,65.0,55.0,25.0,10.0,85.0,95.0,2545.0,30.0,10.0,95.0,100.0,0.0,10.0,30.0,100.0,25.0,15.0,0.0,405.0,205.0,10.0,0.0,0.0,0.0,75.0,0.0,0.0,10.0,20.0,200.0,480.0,130.0,40.0,20.0,40.0,220.0,35.0,1735.0,0.0,40.0,15.0,50.0,0.0,15.0,0.0,0.0,5370.0,105.0,15.0,70.0,50.0,430.0
Wexford/Maryvale,195.0,650.0,0.0,1880.0,8450.0,205.0,30.0,10.0,1075.0,110.0,35.0,95.0,95.0,115.0,2890.0,35.0,100.0,850.0,475.0,10.0,125.0,75.0,625.0,210.0,115.0,10.0,375.0,340.0,10.0,35.0,130.0,335.0,75.0,15.0,10.0,20.0,10.0,335.0,400.0,715.0,465.0,585.0,0.0,2610.0,115.0,95.0,215.0,70.0,50.0,25.0,10.0,960.0,345.0,40.0,13895.0,235.0,20.0,360.0,125.0,180.0
Willowdale East,50.0,1005.0,0.0,1800.0,25150.0,165.0,45.0,100.0,6760.0,180.0,45.0,370.0,30.0,25.0,3035.0,55.0,155.0,90.0,115.0,0.0,2875.0,90.0,1175.0,6225.0,95.0,30.0,195.0,210.0,205.0,45.0,3510.0,225.0,125.0,60.0,45.0,25.0,50.0,365.0,460.0,1345.0,565.0,295.0,40.0,720.0,135.0,30.0,250.0,630.0,70.0,25.0,115.0,155.0,80.0,1065.0,31040.0,175.0,180.0,425.0,335.0,225.0
Willowdale West,30.0,195.0,0.0,530.0,6625.0,30.0,30.0,55.0,1390.0,50.0,35.0,50.0,0.0,10.0,2020.0,30.0,95.0,90.0,60.0,0.0,415.0,80.0,315.0,1675.0,20.0,10.0,190.0,50.0,35.0,15.0,1485.0,15.0,40.0,0.0,35.0,10.0,25.0,60.0,130.0,615.0,345.0,50.0,30.0,195.0,100.0,30.0,105.0,355.0,60.0,0.0,45.0,55.0,25.0,190.0,9395.0,45.0,170.0,265.0,90.0,85.0
Willowridge-Martingrove-Richview,50.0,1020.0,0.0,2065.0,3035.0,75.0,60.0,115.0,235.0,85.0,100.0,40.0,75.0,35.0,3915.0,10.0,130.0,145.0,235.0,10.0,60.0,85.0,705.0,45.0,45.0,30.0,1070.0,460.0,20.0,20.0,290.0,10.0,50.0,10.0,30.0,245.0,10.0,510.0,590.0,220.0,765.0,540.0,30.0,410.0,410.0,330.0,105.0,50.0,75.0,175.0,10.0,200.0,10.0,25.0,10040.0,200.0,230.0,320.0,160.0,90.0
Woburn,740.0,1210.0,0.0,4570.0,21405.0,920.0,0.0,45.0,1545.0,70.0,65.0,100.0,65.0,205.0,2890.0,35.0,220.0,410.0,1530.0,55.0,640.0,65.0,6680.0,140.0,180.0,20.0,305.0,1240.0,30.0,65.0,165.0,65.0,20.0,35.0,20.0,165.0,75.0,480.0,710.0,750.0,535.0,1550.0,0.0,3150.0,180.0,90.0,125.0,75.0,95.0,130.0,60.0,4405.0,115.0,110.0,30180.0,605.0,35.0,580.0,215.0,200.0
Woodbine Corridor,0.0,215.0,0.0,660.0,1100.0,30.0,0.0,30.0,365.0,0.0,0.0,15.0,10.0,60.0,920.0,40.0,75.0,80.0,50.0,0.0,80.0,30.0,115.0,40.0,10.0,20.0,70.0,75.0,25.0,10.0,20.0,0.0,25.0,0.0,0.0,10.0,35.0,105.0,170.0,95.0,105.0,95.0,10.0,130.0,40.0,10.0,35.0,35.0,15.0,10.0,10.0,0.0,0.0,0.0,2930.0,50.0,10.0,355.0,240.0,90.0
Woodbine-Lumsden,0.0,70.0,0.0,490.0,900.0,60.0,10.0,25.0,210.0,0.0,20.0,10.0,0.0,10.0,720.0,10.0,35.0,80.0,35.0,10.0,90.0,20.0,65.0,15.0,0.0,10.0,60.0,70.0,25.0,10.0,30.0,0.0,10.0,10.0,20.0,0.0,10.0,30.0,135.0,75.0,145.0,35.0,35.0,210.0,35.0,25.0,0.0,20.0,25.0,0.0,10.0,0.0,0.0,20.0,2200.0,90.0,10.0,180.0,85.0,65.0
Wychwood,0.0,205.0,0.0,960.0,1225.0,0.0,25.0,50.0,330.0,45.0,30.0,0.0,10.0,65.0,1935.0,50.0,100.0,300.0,20.0,0.0,45.0,75.0,60.0,40.0,10.0,25.0,360.0,210.0,20.0,10.0,75.0,10.0,25.0,0.0,25.0,10.0,30.0,70.0,275.0,135.0,160.0,10.0,35.0,285.0,25.0,480.0,40.0,40.0,25.0,10.0,35.0,10.0,0.0,10.0,4355.0,85.0,30.0,160.0,205.0,195.0
Yonge-Eglinton,0.0,130.0,0.0,580.0,1390.0,0.0,20.0,50.0,260.0,45.0,15.0,10.0,10.0,0.0,1065.0,45.0,35.0,35.0,15.0,10.0,110.0,65.0,135.0,200.0,10.0,45.0,55.0,30.0,35.0,10.0,120.0,55.0,35.0,0.0,20.0,10.0,10.0,55.0,135.0,195.0,215.0,15.0,10.0,175.0,85.0,20.0,20.0,30.0,65.0,0.0,35.0,10.0,10.0,40.0,3175.0,40.0,25.0,305.0,210.0,15.0
Yonge-St.Clair,20.0,250.0,10.0,695.0,1195.0,45.0,10.0,25.0,170.0,50.0,30.0,65.0,10.0,15.0,1420.0,30.0,95.0,15.0,0.0,0.0,90.0,60.0,185.0,170.0,10.0,65.0,55.0,50.0,30.0,0.0,70.0,10.0,45.0,10.0,15.0,0.0,30.0,55.0,160.0,150.0,195.0,30.0,10.0,145.0,45.0,35.0,130.0,85.0,70.0,0.0,95.0,45.0,10.0,35.0,3585.0,25.0,40.0,425.0,325.0,0.0
York University Heights,215.0,1095.0,0.0,3645.0,7890.0,195.0,10.0,40.0,555.0,170.0,30.0,35.0,160.0,20.0,2925.0,35.0,65.0,60.0,495.0,35.0,35.0,95.0,770.0,150.0,110.0,20.0,1545.0,1115.0,10.0,85.0,265.0,150.0,85.0,10.0,0.0,420.0,20.0,435.0,1195.0,975.0,295.0,505.0,55.0,2080.0,90.0,195.0,55.0,185.0,30.0,65.0,10.0,875.0,15.0,10.0,15595.0,200.0,105.0,120.0,120.0,980.0
Yorkdale-Glen Park,20.0,285.0,0.0,1510.0,2380.0,30.0,10.0,90.0,275.0,105.0,20.0,0.0,45.0,70.0,3090.0,0.0,10.0,95.0,290.0,0.0,30.0,75.0,215.0,25.0,10.0,10.0,1695.0,295.0,20.0,10.0,35.0,10.0,50.0,0.0,0.0,50.0,10.0,125.0,430.0,160.0,195.0,20.0,25.0,900.0,55.0,740.0,50.0,35.0,20.0,25.0,0.0,65.0,10.0,20.0,7270.0,95.0,15.0,55.0,95.0,550.0
